country_code,shop_id,shop_category_id,display_name,total,is_parent_category,is_sub_category,parent_shop_category_id,image,category_type,date,source_file,source_row,path_country_code,path_dataset,path_shop_id,shop_category_id_num,total_num,parent_shop_category_id_num,category_type_num,is_parent_category_bool,is_sub_category_bool
id,1112776376,255242476,Calming Agent,2,true,false,,id-11134207-81ztg-mfhp9a54u42369,1,2026-07-21,data/raw_extended/country_code=id/dataset=category_list/shop_id=1112776376/category_list.csv,2,id,category_list,1112776376,255242476.0,2.0,,1.0,True,False
id,1112776376,258324793,Bright Me Up ! Sunscreen SPF 40 PA ++++,5,true,false,,mms@id-11134204-7rbk7-ma87kkyvsrm5d3,1,2026-07-21,data/raw_extended/country_code=id/dataset=category_list/shop_id=1112776376/category_list.csv,3,id,category_list,1112776376,258324793.0,5.0,,1.0,True,False
id,1112776376,256367789,Best Selling - Tone Up Cream💗,2,true,false,,mms@id-11134204-7rasi-m5u79yv2rezh5c,1,2026-07-21,data/raw_extended/country_code=id/dataset=category_list/shop_id=1112776376/category_list.csv,4,id,category_list,1112776376,256367789.0,2.0,,1.0,True,False
id,1112776376,257288356,Special Day Banting Harga ✨💵,8,true,false,,id-11134207-81ztg-mqijdv4atfyk5b,1,2026-07-21,data/raw_extended/country_code=id/dataset=category_list/shop_id=1112776376/category_list.csv,5,id,category_list,1112776376,257288356.0,8.0,,1.0,True,False
id,1368540320,262782016,New Launch,7,true,false,,mms@id-11134204-81ztk-mq2tzkytnuo2a1,1,2026-07-21,data/raw_extended/country_code=id/dataset=category_list/shop_id=1368540320/category_list.csv,2,id,category_list,1368540320,262782016.0,7.0,,1.0,True,False
id,1368540320,258485608,Produk Terlaris,9,true,false,,mms@id-11134204-8224r-mk0oexabl893be,1,2026-07-21,data/raw_extended/country_code=id/dataset=category_list/shop_id=1368540320/category_list.csv,3,id,category_list,1368540320,258485608.0,9.0,,1.0,True,False
id,1368540320,258530308,Peeling Serum,3,true,false,,mms@id-11134204-81ztk-mq2tzkyti8ea3f,1,2026-07-21,data/raw_extended/country_code=id/dataset=category_list/shop_id=1368540320/category_list.csv,4,id,category_list,1368540320,258530308.0,3.0,,1.0,True,False
id,1368540320,266725540,Ginger Hair Care Serum,3,true,false,,mms@id-11134204-81ztm-mq2tzkytgttu76,1,2026-07-21,data/raw_extended/country_code=id/dataset=category_list/shop_id=1368540320/category_list.csv,5,id,category_list,1368540320,266725540.0,3.0,,1.0,True,False
id,1368540320,262780771,Paket Perawatan Kulit,8,true,false,,mms@id-11134204-822wn-mpj2irgw68ek07,1,2026-07-21,data/raw_extended/country_code=id/dataset=category_list/shop_id=1368540320/category_list.csv,6,id,category_list,1368540320,262780771.0,8.0,,1.0,True,False
id,1368540320,262779957,Skin Care,12,true,false,,mms@id-11134204-81ztn-mq2tzkytmg3mbb,1,2026-07-21,data/raw_extended/country_code=id/dataset=category_list/shop_id=1368540320/category_list.csv,7,id,category_list,1368540320,262779957.0,12.0,,1.0,True,False
id,1368540320,262781097,Hair Care,4,true,false,,mms@id-11134204-81ztc-mq2tzkytl1j61f,1,2026-07-21,data/raw_extended/country_code=id/dataset=category_list/shop_id=1368540320/category_list.csv,8,id,category_list,1368540320,262781097.0,4.0,,1.0,True,False
id,1368540320,262780833,Hair Mask,4,true,false,,id-11134207-8224s-mjezy9r1gwzrcf,1,2026-07-21,data/raw_extended/country_code=id/dataset=category_list/shop_id=1368540320/category_list.csv,9,id,category_list,1368540320,262780833.0,4.0,,1.0,True,False
id,1379527329,256769114,Toner,2,true,false,,mms@id-11134204-7rbke-m7bwtv64okut9d,8,2026-07-21,data/raw_extended/country_code=id/dataset=category_list/shop_id=1379527329/category_list.csv,2,id,category_list,1379527329,256769114.0,2.0,,8.0,True,False
id,1379527329,256769113,Serum & Essence Wajah,1,true,false,,mms@id-11134204-7rbk3-m7bwtv64n6ad3c,8,2026-07-21,data/raw_extended/country_code=id/dataset=category_list/shop_id=1379527329/category_list.csv,3,id,category_list,1379527329,256769113.0,1.0,,8.0,True,False
id,1379527329,256769110,Paket & Set Kecantikan,2,true,false,,mms@id-11134204-7rbke-m7bwtv64lrpx52,8,2026-07-21,data/raw_extended/country_code=id/dataset=category_list/shop_id=1379527329/category_list.csv,4,id,category_list,1379527329,256769110.0,2.0,,8.0,True,False
id,1379527329,256769111,Masker Wajah,8,true,false,,mms@id-11134204-7rbk3-m7bwtv64iyl178,8,2026-07-21,data/raw_extended/country_code=id/dataset=category_list/shop_id=1379527329/category_list.csv,5,id,category_list,1379527329,256769111.0,8.0,,8.0,True,False
id,187405886,129790326,Kesehatan Bayi,3,true,false,,id-11134207-7r98p-luk1yxzz716k50,2,2026-07-21,data/raw_extended/country_code=id/dataset=category_list/shop_id=187405886/category_list.csv,2,id,category_list,187405886,129790326.0,3.0,,2.0,True,False
id,187405886,106309332,On Sale,4,true,false,,id-11134207-7r98p-luk1yxzz716k50,5,2026-07-21,data/raw_extended/country_code=id/dataset=category_list/shop_id=187405886/category_list.csv,3,id,category_list,187405886,106309332.0,4.0,,5.0,True,False
id,200048291,246753329,Bundle,8,true,false,,mms@id-11134204-7rasa-m1fdt5o68u7725,1,2026-07-21,data/raw_extended/country_code=id/dataset=category_list/shop_id=200048291/category_list.csv,2,id,category_list,200048291,246753329.0,8.0,,1.0,True,False
id,200048291,37805375,PROMO ❗,7,true,false,,id-11134207-81ztd-mqbmwioeuiof22,5,2026-07-21,data/raw_extended/country_code=id/dataset=category_list/shop_id=200048291/category_list.csv,3,id,category_list,200048291,37805375.0,7.0,,5.0,True,False
id,200048291,246753392,PROMO BUY MORE SAVE MORE,3,true,false,,mms@id-11134204-7rbke-m9h3f0ar9nh9f9,1,2026-07-21,data/raw_extended/country_code=id/dataset=category_list/shop_id=200048291/category_list.csv,4,id,category_list,200048291,246753392.0,3.0,,1.0,True,False
id,200048291,246753422,SKINCARE,3,true,false,,mms@id-11134204-7rbk6-m9h3f0ar88wt11,1,2026-07-21,data/raw_extended/country_code=id/dataset=category_list/shop_id=200048291/category_list.csv,5,id,category_list,200048291,246753422.0,3.0,,1.0,True,False
id,200048291,249753876,LIPSCREEN,3,true,false,,mms@id-11134204-7r98v-lr6sqq1f9jyh14,1,2026-07-21,data/raw_extended/country_code=id/dataset=category_list/shop_id=200048291/category_list.csv,6,id,category_list,200048291,249753876.0,3.0,,1.0,True,False
id,200048291,246753101,BODY LOTION,1,true,false,,mms@id-11134204-7rbk3-m9h3f0ar6ucda9,1,2026-07-21,data/raw_extended/country_code=id/dataset=category_list/shop_id=200048291/category_list.csv,7,id,category_list,200048291,246753101.0,1.0,,1.0,True,False
id,430940247,259141296,Hair And Body Mist,3,true,false,,id-11134207-7ra0m-mbsylvwphqgj9e,1,2026-07-21,data/raw_extended/country_code=id/dataset=category_list/shop_id=430940247/category_list.csv,2,id,category_list,430940247,259141296.0,3.0,,1.0,True,False
id,430940247,257516849,Skincare Wajah,3,true,false,,id-11134207-8224s-mgj5slckn40d65,1,2026-07-21,data/raw_extended/country_code=id/dataset=category_list/shop_id=430940247/category_list.csv,3,id,category_list,430940247,257516849.0,3.0,,1.0,True,False
id,430940247,257288224,Lotion,3,true,false,,id-11134207-8224q-mg4v9420ms5p76,1,2026-07-21,data/raw_extended/country_code=id/dataset=category_list/shop_id=430940247/category_list.csv,4,id,category_list,430940247,257288224.0,3.0,,1.0,True,False
id,430940247,257288198,Paket Bundling,10,true,false,,id-11134207-82251-mgg33tmpaqz109,1,2026-07-21,data/raw_extended/country_code=id/dataset=category_list/shop_id=430940247/category_list.csv,5,id,category_list,430940247,257288198.0,10.0,,1.0,True,False
id,430940247,257288159,Serum Wajah,3,true,false,,id-11134207-81ztc-mqmzs79r9kowef,1,2026-07-21,data/raw_extended/country_code=id/dataset=category_list/shop_id=430940247/category_list.csv,6,id,category_list,430940247,257288159.0,3.0,,1.0,True,False
id,430940247,248170705,Perawatan Tubuh,1,true,false,,mms@id-11134204-7r98t-lo982ohkbzfoe1,1,2026-07-21,data/raw_extended/country_code=id/dataset=category_list/shop_id=430940247/category_list.csv,7,id,category_list,430940247,248170705.0,1.0,,1.0,True,False
id,697604885,11043151,"Body Cream, Body Lotion & Body Butter",3,false,false,,id-11134207-822wg-mmfhbep3n6kg91,8,2026-07-21,data/raw_extended/country_code=id/dataset=category_list/shop_id=697604885/category_list.csv,2,id,category_list,697604885,11043151.0,3.0,,8.0,False,False
id,779266191,268471877,FLAKES OFF MY CROWN SELENIUM,2,true,false,,id-11134207-822wt-mlha5gvc7i8561,1,2026-07-21,data/raw_extended/country_code=id/dataset=category_list/shop_id=779266191/category_list.csv,2,id,category_list,779266191,268471877.0,2.0,,1.0,True,False
id,779266191,266741284,CALM ME SOFTLY,3,true,false,,id-11134207-82252-mjqngn10rzeod5,1,2026-07-21,data/raw_extended/country_code=id/dataset=category_list/shop_id=779266191/category_list.csv,3,id,category_list,779266191,266741284.0,3.0,,1.0,True,False
id,779266191,265934881,SPECIAL DEALS,8,true,false,,id-11134207-8224v-mhtxgccfl91i30,1,2026-07-21,data/raw_extended/country_code=id/dataset=category_list/shop_id=779266191/category_list.csv,4,id,category_list,779266191,265934881.0,8.0,,1.0,True,False
id,779266191,264914127,REPAIR ME NOW,3,true,false,,id-11134207-82252-mhzjyd99wpvo4d,1,2026-07-21,data/raw_extended/country_code=id/dataset=category_list/shop_id=779266191/category_list.csv,5,id,category_list,779266191,264914127.0,3.0,,1.0,True,False
id,779266191,262924137,LET IT GLOW,14,true,false,,id-11134207-8224s-mjfd7twwm96q8a,1,2026-07-21,data/raw_extended/country_code=id/dataset=category_list/shop_id=779266191/category_list.csv,6,id,category_list,779266191,262924137.0,14.0,,1.0,True,False
id,779266191,260134642,LVJ BODY SERUM TONE UP,4,true,false,,mms@id-11134204-7ra0p-mdbhrwxzqucn81,1,2026-07-21,data/raw_extended/country_code=id/dataset=category_list/shop_id=779266191/category_list.csv,7,id,category_list,779266191,260134642.0,4.0,,1.0,True,False
id,779266191,260134616,LVJ HAIR FALL CARE,7,true,false,,mms@id-11134204-7ra0u-mdbhrwxzs8x30f,1,2026-07-21,data/raw_extended/country_code=id/dataset=category_list/shop_id=779266191/category_list.csv,8,id,category_list,779266191,260134616.0,7.0,,1.0,True,False
id,779266191,260134144,LVJ TOP PICKS,9,true,false,,mms@id-11134204-7ra0s-mdbhrwxztnhj38,1,2026-07-21,data/raw_extended/country_code=id/dataset=category_list/shop_id=779266191/category_list.csv,9,id,category_list,779266191,260134144.0,9.0,,1.0,True,False
id,779266191,260134071,LVJ HAIR ESSENTIALS SET,5,true,false,,mms@id-11134204-7ra0t-mdbhrwxzv21zb8,1,2026-07-21,data/raw_extended/country_code=id/dataset=category_list/shop_id=779266191/category_list.csv,10,id,category_list,779266191,260134071.0,5.0,,1.0,True,False
id,779266191,260134019,LVJ BODY ESSENTIALS SET,4,true,false,,mms@id-11134204-7ra0o-mdbhrwxzwgmfed,1,2026-07-21,data/raw_extended/country_code=id/dataset=category_list/shop_id=779266191/category_list.csv,11,id,category_list,779266191,260134019.0,4.0,,1.0,True,False
id,779266191,260133890,LVJ HAIR CARE SERIES,13,true,false,,mms@id-11134204-7ra0q-mdbhrwxzxv6vd8,1,2026-07-21,data/raw_extended/country_code=id/dataset=category_list/shop_id=779266191/category_list.csv,12,id,category_list,779266191,260133890.0,13.0,,1.0,True,False
id,779266191,245872197,LVJ BODY CARE SERIES,14,true,false,,mms@id-11134204-7ra0i-mdbhrwxzz9rbc0,1,2026-07-21,data/raw_extended/country_code=id/dataset=category_list/shop_id=779266191/category_list.csv,13,id,category_list,779266191,245872197.0,14.0,,1.0,True,False
id,809769142,257839010,Anti-noda,3,false,true,257838748,mms@id-11134204-7rbk2-m94hx3nwxaqacf,1,2026-07-21,data/raw_extended/country_code=id/dataset=category_list/shop_id=809769142/category_list.csv,2,id,category_list,809769142,257839010.0,3.0,257838748.0,1.0,False,True
id,809769142,257838930,Memperbaiki skin barrier kulit,8,false,true,257838748,mms@id-11134204-7rbk1-m94hx3nwt30y25,1,2026-07-21,data/raw_extended/country_code=id/dataset=category_list/shop_id=809769142/category_list.csv,3,id,category_list,809769142,257838930.0,8.0,257838748.0,1.0,False,True
id,809769142,257838986,Anti-penuaan,6,false,true,257838748,mms@id-11134204-7rbk0-m94hx3nwuhle2e,1,2026-07-21,data/raw_extended/country_code=id/dataset=category_list/shop_id=809769142/category_list.csv,4,id,category_list,809769142,257838986.0,6.0,257838748.0,1.0,False,True
id,809769142,257839147,Anti-jerawat,15,false,true,257838748,mms@id-11134204-7rbk4-m94hx3nwypaq3f,1,2026-07-21,data/raw_extended/country_code=id/dataset=category_list/shop_id=809769142/category_list.csv,5,id,category_list,809769142,257839147.0,15.0,257838748.0,1.0,False,True
id,809769142,257839180,Eksfoliasi + Perbaikan Kulit,6,false,true,257838748,mms@id-11134204-7rbk7-m94hx3nx03v63a,1,2026-07-21,data/raw_extended/country_code=id/dataset=category_list/shop_id=809769142/category_list.csv,6,id,category_list,809769142,257839180.0,6.0,257838748.0,1.0,False,True
id,809769142,257838749,Mencerahkan kulit,14,false,true,257838748,mms@id-11134204-7rbkb-m94hx3nwq9w254,1,2026-07-21,data/raw_extended/country_code=id/dataset=category_list/shop_id=809769142/category_list.csv,7,id,category_list,809769142,257838749.0,14.0,257838748.0,1.0,False,True
id,809769142,257838748,SHOP BY NEEDS,46,true,false,,mms@id-11134204-7rbk5-m94hx3nwrogi69,9,2026-07-21,data/raw_extended/country_code=id/dataset=category_list/shop_id=809769142/category_list.csv,8,id,category_list,809769142,257838748.0,46.0,,9.0,True,False
id,809769142,267026251,Exclusive Member,2,true,false,,mms@id-11134204-8224p-mkbrc4p03u9y90,1,2026-07-21,data/raw_extended/country_code=id/dataset=category_list/shop_id=809769142/category_list.csv,9,id,category_list,809769142,267026251.0,2.0,,1.0,True,False
id,809769142,257838568,Makeup,6,false,true,257838567,id-11134207-822ws-mphkg88ycob0cf,1,2026-07-21,data/raw_extended/country_code=id/dataset=category_list/shop_id=809769142/category_list.csv,10,id,category_list,809769142,257838568.0,6.0,257838567.0,1.0,False,True
id,809769142,257838569,Makeup Remover,11,false,true,257838567,mms@id-11134204-7rbkc-m94gyq7vnqq961,1,2026-07-21,data/raw_extended/country_code=id/dataset=category_list/shop_id=809769142/category_list.csv,11,id,category_list,809769142,257838569.0,11.0,257838567.0,1.0,False,True
id,809769142,257838567,MAKE UP,17,true,false,,mms@id-11134204-7rbk2-m94gyq7vp5ap81,9,2026-07-21,data/raw_extended/country_code=id/dataset=category_list/shop_id=809769142/category_list.csv,12,id,category_list,809769142,257838567.0,17.0,,9.0,True,False
id,809769142,257838520,Lip,2,false,true,257838433,mms@id-11134204-7rbk8-m94gyq7vmc5t28,1,2026-07-21,data/raw_extended/country_code=id/dataset=category_list/shop_id=809769142/category_list.csv,13,id,category_list,809769142,257838520.0,2.0,257838433.0,1.0,False,True
id,809769142,257838511,Body serum,4,false,true,257838433,id-11134207-81zti-mqwp7uzpimmka0,1,2026-07-21,data/raw_extended/country_code=id/dataset=category_list/shop_id=809769142/category_list.csv,14,id,category_list,809769142,257838511.0,4.0,257838433.0,1.0,False,True
id,809769142,257838483,Clay Mask&Stick,7,false,true,257838433,id-11134207-81ztj-mqwouyssw2do60,1,2026-07-21,data/raw_extended/country_code=id/dataset=category_list/shop_id=809769142/category_list.csv,15,id,category_list,809769142,257838483.0,7.0,257838433.0,1.0,False,True
id,809769142,257838475,Toner,6,false,true,257838433,id-11134207-822wp-mmhean9jd4p49b,1,2026-07-21,data/raw_extended/country_code=id/dataset=category_list/shop_id=809769142/category_list.csv,16,id,category_list,809769142,257838475.0,6.0,257838433.0,1.0,False,True
id,809769142,257838481,Facial Cleanser,16,false,true,257838433,id-11134207-822wg-mo4rgeieqe4g56,1,2026-07-21,data/raw_extended/country_code=id/dataset=category_list/shop_id=809769142/category_list.csv,17,id,category_list,809769142,257838481.0,16.0,257838433.0,1.0,False,True
id,809769142,257838452,Serum,7,false,true,257838433,id-11134207-822wh-moyqb994ka3275,1,2026-07-21,data/raw_extended/country_code=id/dataset=category_list/shop_id=809769142/category_list.csv,18,id,category_list,809769142,257838452.0,7.0,257838433.0,1.0,False,True
id,809769142,257838434,Moisturizer,12,false,true,257838433,id-11134207-81ztf-mqwppjmlwpvkbb,1,2026-07-21,data/raw_extended/country_code=id/dataset=category_list/shop_id=809769142/category_list.csv,19,id,category_list,809769142,257838434.0,12.0,257838433.0,1.0,False,True
id,809769142,257838603,🎁Skincare Bundle,22,false,true,257838433,id-11134207-7rbk7-ma9a4kqjxxmt06,1,2026-07-21,data/raw_extended/country_code=id/dataset=category_list/shop_id=809769142/category_list.csv,20,id,category_list,809769142,257838603.0,22.0,257838433.0,1.0,False,True
id,809769142,257838433,SKINCARE,75,true,false,,mms@id-11134204-7rbk3-m94gyq7vkxldf9,9,2026-07-21,data/raw_extended/country_code=id/dataset=category_list/shop_id=809769142/category_list.csv,21,id,category_list,809769142,257838433.0,75.0,,9.0,True,False
id,809769142,257838398,✨BEST SELLING,26,true,false,,id-11134207-81ztf-mqwppjmlwpvkbb,1,2026-07-21,data/raw_extended/country_code=id/dataset=category_list/shop_id=809769142/category_list.csv,22,id,category_list,809769142,257838398.0,26.0,,1.0,True,False
id,809769142,270440245,TONE UP BRIGHTENING BODY SERUM,1,false,true,258831358,id-11134207-822wj-mpisresymjuo3b,1,2026-07-21,data/raw_extended/country_code=id/dataset=category_list/shop_id=809769142/category_list.csv,23,id,category_list,809769142,270440245.0,1.0,258831358.0,1.0,False,True
id,809769142,270321805,PDRN BRIGHTENING SERUM,1,false,true,258831358,id-11134207-81ztn-mqwpyq6l2k9136,1,2026-07-21,data/raw_extended/country_code=id/dataset=category_list/shop_id=809769142/category_list.csv,24,id,category_list,809769142,270321805.0,1.0,258831358.0,1.0,False,True
id,809769142,264958058,PDRN BRIGHTENING MOISTURIZER,1,false,true,258831358,id-11134207-81zte-mqwpyq6l15ol7e,1,2026-07-21,data/raw_extended/country_code=id/dataset=category_list/shop_id=809769142/category_list.csv,25,id,category_list,809769142,264958058.0,1.0,258831358.0,1.0,False,True
id,809769142,271131649,AIRBRUSH SETTING SPRAY,1,false,true,258831358,id-11134207-81ztj-mqwolxfpadj85f,1,2026-07-21,data/raw_extended/country_code=id/dataset=category_list/shop_id=809769142/category_list.csv,26,id,category_list,809769142,271131649.0,1.0,258831358.0,1.0,False,True
id,809769142,271501514,GLOWY TINT LIP BALM,1,false,true,258831358,id-11134207-81zto-mq2p56re603l34,1,2026-07-21,data/raw_extended/country_code=id/dataset=category_list/shop_id=809769142/category_list.csv,27,id,category_list,809769142,271501514.0,1.0,258831358.0,1.0,False,True
id,809769142,272855576,ALL DAY GLOW SPRAY,2,false,true,258831358,id-11134207-81ztc-mqlmst6sc9oh10,1,2026-07-21,data/raw_extended/country_code=id/dataset=category_list/shop_id=809769142/category_list.csv,28,id,category_list,809769142,272855576.0,2.0,258831358.0,1.0,False,True
id,809769142,272855607,SKIIN TINT,1,false,true,258831358,id-11134207-822wo-mprb9eo0bzeo99,1,2026-07-21,data/raw_extended/country_code=id/dataset=category_list/shop_id=809769142/category_list.csv,29,id,category_list,809769142,272855607.0,1.0,258831358.0,1.0,False,True
id,809769142,273791880,PERFECT BLURRING POWDER FOUNDATION,1,false,true,258831358,id-11134207-81ztn-mqbob77cdqmn3d,1,2026-07-21,data/raw_extended/country_code=id/dataset=category_list/shop_id=809769142/category_list.csv,30,id,category_list,809769142,273791880.0,1.0,258831358.0,1.0,False,True
id,809769142,274059469,700ML JUMBO SIZE MICELLAR WATER,1,false,true,258831358,id-11134207-81ztk-mqh0kt2819tuda,1,2026-07-21,data/raw_extended/country_code=id/dataset=category_list/shop_id=809769142/category_list.csv,31,id,category_list,809769142,274059469.0,1.0,258831358.0,1.0,False,True
id,809769142,258831358,💖NEW LAUNCH,10,true,false,,id-11134207-822wo-mprb9eo0bzeo99,9,2026-07-21,data/raw_extended/country_code=id/dataset=category_list/shop_id=809769142/category_list.csv,32,id,category_list,809769142,258831358.0,10.0,,9.0,True,False
id,809769142,272184674,powder&spray setting,4,true,false,,id-11134207-81ztf-mqwolxfsdced23,1,2026-07-21,data/raw_extended/country_code=id/dataset=category_list/shop_id=809769142/category_list.csv,33,id,category_list,809769142,272184674.0,4.0,,1.0,True,False
id,809769142,272508058,DAMASK ROSE PETAL GLOW GEL MASK,1,false,true,258831358,id-11134207-822wg-mp07jp32953gc3,1,2026-07-21,data/raw_extended/country_code=id/dataset=category_list/shop_id=809769142/category_list.csv,34,id,category_list,809769142,272508058.0,1.0,258831358.0,1.0,False,True
id,859233628,11043277,Paket & Set Kecantikan,4,false,false,,id-11134207-81ztk-me8a65vuzri90e,8,2026-07-21,data/raw_extended/country_code=id/dataset=category_list/shop_id=859233628/category_list.csv,2,id,category_list,859233628,11043277.0,4.0,,8.0,False,False
id,859233628,11043259,Serum & Essence Wajah,3,false,false,,id-11134207-8224q-ml4qej8o5slke8,8,2026-07-21,data/raw_extended/country_code=id/dataset=category_list/shop_id=859233628/category_list.csv,3,id,category_list,859233628,11043259.0,3.0,,8.0,False,False
id,859233628,11043261,Masker Wajah,2,false,false,,id-11134207-7ra0o-mdsxqvp5so0ed6,8,2026-07-21,data/raw_extended/country_code=id/dataset=category_list/shop_id=859233628/category_list.csv,4,id,category_list,859233628,11043261.0,2.0,,8.0,False,False
id,859233628,11043151,"Body Cream, Body Lotion & Body Butter",1,false,false,,id-11134207-7rbkb-m6s2yg5mahrw22,8,2026-07-21,data/raw_extended/country_code=id/dataset=category_list/shop_id=859233628/category_list.csv,5,id,category_list,859233628,11043151.0,1.0,,8.0,False,False
vn,108166524,257047677,Nước tương,7,false,true,257047654,vn-11134207-81ztc-mqpw7cmf1erv12,1,2026-07-21,data/raw_extended/country_code=vn/dataset=category_list/shop_id=108166524/category_list.csv,2,vn,category_list,108166524,257047677.0,7.0,257047654.0,1.0,False,True
vn,108166524,257047700,Cà phê & Trà,58,true,false,,vn-11134207-81ztc-mqwv0rgg2upw62,9,2026-07-21,data/raw_extended/country_code=vn/dataset=category_list/shop_id=108166524/category_list.csv,3,vn,category_list,108166524,257047700.0,58.0,,9.0,True,False
vn,108166524,257047701,Nescafé,54,false,true,257047700,vn-11134207-81ztc-mqwv0rgg2upw62,1,2026-07-21,data/raw_extended/country_code=vn/dataset=category_list/shop_id=108166524/category_list.csv,4,vn,category_list,108166524,257047701.0,54.0,257047700.0,1.0,False,True
vn,108166524,257047702,Nestea,4,false,true,257047700,vn-11134207-81ztc-mqpvsdrlf1ts3e,1,2026-07-21,data/raw_extended/country_code=vn/dataset=category_list/shop_id=108166524/category_list.csv,5,vn,category_list,108166524,257047702.0,4.0,257047700.0,1.0,False,True
vn,108166524,257047685,MILO & Sữa,16,true,false,,vn-11134207-81ztc-mpagggd900lr29,9,2026-07-21,data/raw_extended/country_code=vn/dataset=category_list/shop_id=108166524/category_list.csv,6,vn,category_list,108166524,257047685.0,16.0,,9.0,True,False
vn,108166524,257047687,MILO,16,false,true,257047685,vn-11134207-81ztc-mpagggd900lr29,1,2026-07-21,data/raw_extended/country_code=vn/dataset=category_list/shop_id=108166524/category_list.csv,7,vn,category_list,108166524,257047687.0,16.0,257047685.0,1.0,False,True
vn,108166524,257047654,Gia vị nấu ăn,14,true,false,,vn-11134207-81ztc-mqwunw415p8i8b,9,2026-07-21,data/raw_extended/country_code=vn/dataset=category_list/shop_id=108166524/category_list.csv,8,vn,category_list,108166524,257047654.0,14.0,,9.0,True,False
vn,108166524,257047679,Dầu hào,8,false,true,257047654,vn-11134207-81ztc-mqwunw415p8i8b,1,2026-07-21,data/raw_extended/country_code=vn/dataset=category_list/shop_id=108166524/category_list.csv,9,vn,category_list,108166524,257047679.0,8.0,257047654.0,1.0,False,True
vn,1145316676,251474167,PEPTAMEN + ORAL,9,true,false,,sg-11134201-8258k-mqvn34rdakna37,1,2026-07-21,data/raw_extended/country_code=vn/dataset=category_list/shop_id=1145316676/category_list.csv,2,vn,category_list,1145316676,251474167.0,9.0,,1.0,True,False
vn,1145316676,257340823,ORAL IMPACT,3,true,false,,sg-11134201-8258w-mqvn34typc7cd1,1,2026-07-21,data/raw_extended/country_code=vn/dataset=category_list/shop_id=1145316676/category_list.csv,3,vn,category_list,1145316676,257340823.0,3.0,,1.0,True,False
vn,1145316676,261098687,PEPTAMEN JUNIOR - CHO TRẺ TIÊU HÓA KÉM,3,true,false,,sg-11134201-82589-mqvn35q1ymmgbe,1,2026-07-21,data/raw_extended/country_code=vn/dataset=category_list/shop_id=1145316676/category_list.csv,4,vn,category_list,1145316676,261098687.0,3.0,,1.0,True,False
vn,1145316676,257340819,PEPTAMEN - DINH DƯỠNG CHUYEN BIỆT,3,true,false,,sg-11134201-8258k-mqvn34rdakna37,1,2026-07-21,data/raw_extended/country_code=vn/dataset=category_list/shop_id=1145316676/category_list.csv,5,vn,category_list,1145316676,257340819.0,3.0,,1.0,True,False
vn,1145316676,251079961,NUTREN JUNIOR - CÔNG THỨC B.I.G THUY SĨ,16,true,false,,sg-11134201-825bd-mqvn35qqmf48b0,1,2026-07-21,data/raw_extended/country_code=vn/dataset=category_list/shop_id=1145316676/category_list.csv,6,vn,category_list,1145316676,251079961.0,16.0,,1.0,True,False
vn,1145316676,257905360,COMBO 2 NUTREN JUNIOR 400G,1,false,true,257905359,sg-11134201-8258w-mqvn34lrnbb519,1,2026-07-21,data/raw_extended/country_code=vn/dataset=category_list/shop_id=1145316676/category_list.csv,7,vn,category_list,1145316676,257905360.0,1.0,257905359.0,1.0,False,True
vn,1145316676,258521101,COMBO 3 NUTREN JUNIOR 400G,1,false,true,257905359,sg-11134201-825ay-mqvn34kwe6fgec,1,2026-07-21,data/raw_extended/country_code=vn/dataset=category_list/shop_id=1145316676/category_list.csv,8,vn,category_list,1145316676,258521101.0,1.0,257905359.0,1.0,False,True
vn,1145316676,257905688,COMBO 2 NUTREN JUNIOR 800G,3,false,true,257905359,sg-11134201-82595-mqvn36610kcn74,1,2026-07-21,data/raw_extended/country_code=vn/dataset=category_list/shop_id=1145316676/category_list.csv,9,vn,category_list,1145316676,257905688.0,3.0,257905359.0,1.0,False,True
vn,1145316676,257905693,COMBO 3 NUTREN JUNIOR 800G,3,false,true,257905359,sg-11134201-825b6-mqvn33da7ncx5e,1,2026-07-21,data/raw_extended/country_code=vn/dataset=category_list/shop_id=1145316676/category_list.csv,10,vn,category_list,1145316676,257905693.0,3.0,257905359.0,1.0,False,True
vn,1145316676,257905359,NUTREN JUNIOR - CÔNG THỨC B.I.G THỤY SĨ,8,true,false,,sg-11134201-825b6-mqvn33da7ncx5e,9,2026-07-21,data/raw_extended/country_code=vn/dataset=category_list/shop_id=1145316676/category_list.csv,11,vn,category_list,1145316676,257905359.0,8.0,,9.0,True,False
vn,1145316676,260135483,ƯU ĐÃI THÁNG 7 - DINH DƯỠNG CHO MÙA ÊF,22,true,false,,sg-11134201-825a6-mqvn35rk2xvkc7,1,2026-07-21,data/raw_extended/country_code=vn/dataset=category_list/shop_id=1145316676/category_list.csv,12,vn,category_list,1145316676,260135483.0,22.0,,1.0,True,False
vn,1145316676,272010130,SẢN PHẨM MỚI - BOOST GLUCOSE CONTROL,4,true,false,,sg-11134201-825as-mqvn34u8m4g031,1,2026-07-21,data/raw_extended/country_code=vn/dataset=category_list/shop_id=1145316676/category_list.csv,13,vn,category_list,1145316676,272010130.0,4.0,,1.0,True,False
vn,1145316676,249843042,BOOST OPTIMUM - QUÀ TẶNG CHO NGƯỜI LỚN,4,true,false,,sg-11134201-825au-mqvn366hskjwde,1,2026-07-21,data/raw_extended/country_code=vn/dataset=category_list/shop_id=1145316676/category_list.csv,14,vn,category_list,1145316676,249843042.0,4.0,,1.0,True,False
vn,1145316676,260135597,SỮA HỘP PHA SẴN NUTREN 110/180ML,11,true,false,,sg-11134201-825bd-mqvn35qqmf48b0,1,2026-07-21,data/raw_extended/country_code=vn/dataset=category_list/shop_id=1145316676/category_list.csv,15,vn,category_list,1145316676,260135597.0,11.0,,1.0,True,False
vn,1145316676,249843039,VITAL PROTEINS - 100% Collagen Thủy Phân,9,true,false,,sg-11134201-825a2-mqvn33li4mbqa4,1,2026-07-21,data/raw_extended/country_code=vn/dataset=category_list/shop_id=1145316676/category_list.csv,16,vn,category_list,1145316676,249843039.0,9.0,,1.0,True,False
vn,140360136,249854839,OREO,7,true,false,,mms@vn-11134204-7ras8-mcu4pr4wr9uk02,1,2026-07-21,data/raw_extended/country_code=vn/dataset=category_list/shop_id=140360136/category_list.csv,2,vn,category_list,140360136,249854839.0,7.0,,1.0,True,False
vn,140360136,15084899,RITZ & SLIDE,8,true,false,,mms@vn-11134204-7ras8-mcu4pr4whfvgc0,1,2026-07-21,data/raw_extended/country_code=vn/dataset=category_list/shop_id=140360136/category_list.csv,3,vn,category_list,140360136,15084899.0,8.0,,1.0,True,False
vn,140360136,243819608,Tất cả sản phẩm,21,true,false,,mms@vn-11134204-7ras8-mcu4pr4wemqkf3,1,2026-07-21,data/raw_extended/country_code=vn/dataset=category_list/shop_id=140360136/category_list.csv,4,vn,category_list,140360136,243819608.0,21.0,,1.0,True,False
vn,140360136,262895510,Kinh Đô Tết 2026,8,true,false,,vn-11134207-81ztc-mm1ovdgbin0g63,1,2026-07-21,data/raw_extended/country_code=vn/dataset=category_list/shop_id=140360136/category_list.csv,5,vn,category_list,140360136,262895510.0,8.0,,1.0,True,False
vn,140360136,265356646,THÙNG BÁNH,5,true,false,,vn-11134207-820l4-mijzxhflxj4825,1,2026-07-21,data/raw_extended/country_code=vn/dataset=category_list/shop_id=140360136/category_list.csv,6,vn,category_list,140360136,265356646.0,5.0,,1.0,True,False
vn,140360136,15084814,SOLITE,3,true,false,,mms@vn-11134204-7ras8-mcu4pr4wogpoe0,1,2026-07-21,data/raw_extended/country_code=vn/dataset=category_list/shop_id=140360136/category_list.csv,7,vn,category_list,140360136,15084814.0,3.0,,1.0,True,False
vn,140360136,15084057,COSY,1,true,false,,mms@vn-11134204-7ras8-mcu4pr4wk90c01,1,2026-07-21,data/raw_extended/country_code=vn/dataset=category_list/shop_id=140360136/category_list.csv,8,vn,category_list,140360136,15084057.0,1.0,,1.0,True,False
vn,140360136,15085618,LU,1,true,false,,mms@vn-11134204-7ras8-mcu4pr4wlnks43,1,2026-07-21,data/raw_extended/country_code=vn/dataset=category_list/shop_id=140360136/category_list.csv,9,vn,category_list,140360136,15085618.0,1.0,,1.0,True,False
vn,140360136,15084596,AFC,4,true,false,,mms@vn-11134204-7ras8-mcu4pr4wsof0d9,1,2026-07-21,data/raw_extended/country_code=vn/dataset=category_list/shop_id=140360136/category_list.csv,10,vn,category_list,140360136,15084596.0,4.0,,1.0,True,False
vn,1546895026,258960486,M&M'S,9,true,false,,mms@vn-11134204-7ras8-mbet9qck6vvc31,1,2026-07-21,data/raw_extended/country_code=vn/dataset=category_list/shop_id=1546895026/category_list.csv,2,vn,category_list,1546895026,258960486.0,9.0,,1.0,True,False
vn,1546895026,258960614,Double Mint,7,true,false,,mms@vn-11134204-7ras8-mbet9qck8afs6e,1,2026-07-21,data/raw_extended/country_code=vn/dataset=category_list/shop_id=1546895026/category_list.csv,3,vn,category_list,1546895026,258960614.0,7.0,,1.0,True,False
vn,1546895026,258960633,Skittles,6,true,false,,mms@vn-11134204-7ras8-mbet9qck9p0889,1,2026-07-21,data/raw_extended/country_code=vn/dataset=category_list/shop_id=1546895026/category_list.csv,4,vn,category_list,1546895026,258960633.0,6.0,,1.0,True,False
vn,1546895026,258960677,Tất cả sản phẩm,49,true,false,,mms@vn-11134204-7ras8-mbet9qckb3ko55,1,2026-07-21,data/raw_extended/country_code=vn/dataset=category_list/shop_id=1546895026/category_list.csv,5,vn,category_list,1546895026,258960677.0,49.0,,1.0,True,False
vn,1546895026,258960141,Cool Air,17,true,false,,mms@vn-11134204-7ras8-mbet9qck42qgc4,1,2026-07-21,data/raw_extended/country_code=vn/dataset=category_list/shop_id=1546895026/category_list.csv,6,vn,category_list,1546895026,258960141.0,17.0,,1.0,True,False
vn,1546895026,264220705,COMBO TẾT,3,true,false,,mms@vn-11134204-820l4-mjze1342rrwj70,1,2026-07-21,data/raw_extended/country_code=vn/dataset=category_list/shop_id=1546895026/category_list.csv,7,vn,category_list,1546895026,264220705.0,3.0,,1.0,True,False
vn,1546895026,258960406,Snickers,11,true,false,,mms@vn-11134204-7ras8-mbet9qck5haw30,1,2026-07-21,data/raw_extended/country_code=vn/dataset=category_list/shop_id=1546895026/category_list.csv,8,vn,category_list,1546895026,258960406.0,11.0,,1.0,True,False
vn,173513432,250597584,"Kẹo Dẻo Vị Hoa Quả LOT100, 4D",3,true,false,,vn-11134207-81ztc-mqvffz2rjdvv24,1,2026-07-21,data/raw_extended/country_code=vn/dataset=category_list/shop_id=173513432/category_list.csv,2,vn,category_list,173513432,250597584.0,3.0,,1.0,True,False
vn,173513432,269476497,SIÊU SALE MUA 1 TẶNG 1,8,true,false,,vn-11134207-81ztc-mqvdifvtyd4y2f,1,2026-07-21,data/raw_extended/country_code=vn/dataset=category_list/shop_id=173513432/category_list.csv,3,vn,category_list,173513432,269476497.0,8.0,,1.0,True,False
vn,173513432,259165309,[BEST SELLER] Top Sản Phẩm Bán Chạy,8,true,false,,vn-11134207-81ztc-mqvfhq97xngu31,1,2026-07-21,data/raw_extended/country_code=vn/dataset=category_list/shop_id=173513432/category_list.csv,4,vn,category_list,173513432,259165309.0,8.0,,1.0,True,False
vn,173513432,250597411,Karo - Bánh Tươi Cho Mọi Nhà,14,true,false,,vn-11134207-81ztc-mqvfhq97xngu31,1,2026-07-21,data/raw_extended/country_code=vn/dataset=category_list/shop_id=173513432/category_list.csv,5,vn,category_list,173513432,250597411.0,14.0,,1.0,True,False
vn,173513432,250597463,Festa Richy - Bánh Mì Hoa Cúc Ngàn Lớp,5,true,false,,vn-11134207-81ztc-mqvfjbk1a1oje3,1,2026-07-21,data/raw_extended/country_code=vn/dataset=category_list/shop_id=173513432/category_list.csv,6,vn,category_list,173513432,250597463.0,5.0,,1.0,True,False
vn,173513432,250597615,OatMilk- Bánh Yến Mạch,9,true,false,,vn-11134207-81ztc-mqd260cxz76341,1,2026-07-21,data/raw_extended/country_code=vn/dataset=category_list/shop_id=173513432/category_list.csv,7,vn,category_list,173513432,250597615.0,9.0,,1.0,True,False
vn,173513432,250597543,Kenju - Bánh Quy Kem Dẻo,8,true,false,,vn-11134207-81ztc-mqvfwmq7hp1fa9,1,2026-07-21,data/raw_extended/country_code=vn/dataset=category_list/shop_id=173513432/category_list.csv,8,vn,category_list,173513432,250597543.0,8.0,,1.0,True,False
vn,173513432,261274615,Peppie - Bánh Bông Lan Phủ Chocolate,1,true,false,,vn-11134207-81ztc-mqcsrsi47pcfc6,1,2026-07-21,data/raw_extended/country_code=vn/dataset=category_list/shop_id=173513432/category_list.csv,9,vn,category_list,173513432,261274615.0,1.0,,1.0,True,False
vn,173513432,250597496,JinJu - Bánh Gạo Hàn Quốc Đủ Vị,5,true,false,,vn-11134207-81ztc-mqvfgjsl0xs316,1,2026-07-21,data/raw_extended/country_code=vn/dataset=category_list/shop_id=173513432/category_list.csv,10,vn,category_list,173513432,250597496.0,5.0,,1.0,True,False
vn,173513432,259165186,[MỚI] Festa Hotdog - Vị Gà Nướng Phô Mai,1,true,false,,vn-11134207-81ztc-mqn73xut10xt2f,1,2026-07-21,data/raw_extended/country_code=vn/dataset=category_list/shop_id=173513432/category_list.csv,11,vn,category_list,173513432,259165186.0,1.0,,1.0,True,False
vn,213989179,254854485,Bánh Ăn Sáng,12,true,false,,mms@vn-11134204-81ztc-mplsb6ssaakg28,1,2026-07-21,data/raw_extended/country_code=vn/dataset=category_list/shop_id=213989179/category_list.csv,2,vn,category_list,213989179,254854485.0,12.0,,1.0,True,False
vn,213989179,263055824,Kẹo Ăn Vặt,17,true,false,,vn-11134207-81ztc-mq2usoxckt1ef0,1,2026-07-21,data/raw_extended/country_code=vn/dataset=category_list/shop_id=213989179/category_list.csv,3,vn,category_list,213989179,263055824.0,17.0,,1.0,True,False
vn,213989179,246750434,Bánh Ăn Vặt,11,true,false,,vn-11134207-81ztc-mq2ytq19f7dbca,1,2026-07-21,data/raw_extended/country_code=vn/dataset=category_list/shop_id=213989179/category_list.csv,4,vn,category_list,213989179,246750434.0,11.0,,1.0,True,False
vn,213989179,260400722,Gooka Nougat Filling,8,true,false,,vn-11134207-81ztc-mq2zhtji0o3k0b,1,2026-07-21,data/raw_extended/country_code=vn/dataset=category_list/shop_id=213989179/category_list.csv,5,vn,category_list,213989179,260400722.0,8.0,,1.0,True,False
vn,213989179,259149849,Quasure Sugar Free,4,true,false,,vn-11134207-81ztc-mq2yudczjnda23,1,2026-07-21,data/raw_extended/country_code=vn/dataset=category_list/shop_id=213989179/category_list.csv,6,vn,category_list,213989179,259149849.0,4.0,,1.0,True,False
vn,213989179,259211391,Sản Phẩm Mới,8,true,false,,mms@vn-11134204-81ztc-mqciejftahhp8b,1,2026-07-21,data/raw_extended/country_code=vn/dataset=category_list/shop_id=213989179/category_list.csv,7,vn,category_list,213989179,259211391.0,8.0,,1.0,True,False
vn,213989179,246750581,Bánh Dinh Dưỡng,18,true,false,,vn-11134207-81ztc-mq306s87r1n2c8,1,2026-07-21,data/raw_extended/country_code=vn/dataset=category_list/shop_id=213989179/category_list.csv,8,vn,category_list,213989179,246750581.0,18.0,,1.0,True,False
vn,213989179,253250963,Kẹo Cho Bé,13,true,false,,vn-11134207-81ztc-mq2wj81jtrm374,1,2026-07-21,data/raw_extended/country_code=vn/dataset=category_list/shop_id=213989179/category_list.csv,9,vn,category_list,213989179,253250963.0,13.0,,1.0,True,False
vn,289646907,271251775,Cuồng nhiệt Bóng Đá 2026,11,true,false,,vn-11134207-81ztc-mot5uvgsvw26b4,1,2026-07-21,data/raw_extended/country_code=vn/dataset=category_list/shop_id=289646907/category_list.csv,2,vn,category_list,289646907,271251775.0,11.0,,1.0,True,False
vn,289646907,37709521,Giảm giá,57,true,false,,vn-11134207-820l4-mgyx775wyfpl49,5,2026-07-21,data/raw_extended/country_code=vn/dataset=category_list/shop_id=289646907/category_list.csv,3,vn,category_list,289646907,37709521.0,57.0,,5.0,True,False
vn,289646907,149179941,Marine Boy & Jungle Boy,3,true,false,,mms@vn-11134204-7ras8-m2rjwksvaa4a99,1,2026-07-21,data/raw_extended/country_code=vn/dataset=category_list/shop_id=289646907/category_list.csv,4,vn,category_list,289646907,149179941.0,3.0,,1.0,True,False
vn,289646907,146098874,Gouté,5,true,false,,vn-11134207-7ras8-mdfro7vtbwkx3e,1,2026-07-21,data/raw_extended/country_code=vn/dataset=category_list/shop_id=289646907/category_list.csv,5,vn,category_list,289646907,146098874.0,5.0,,1.0,True,False
vn,289646907,37709533,BÁNH ĂN SÁNG C'EST BON,9,true,false,,vn-11134207-7ras8-mdjuqunfeqwcd1,1,2026-07-21,data/raw_extended/country_code=vn/dataset=category_list/shop_id=289646907/category_list.csv,6,vn,category_list,289646907,37709533.0,9.0,,1.0,True,False
vn,289646907,101119957,CUSTAS DINH DƯỠNG,2,true,false,,vn-11134207-820l4-mgrqwn5yjocs85,1,2026-07-21,data/raw_extended/country_code=vn/dataset=category_list/shop_id=289646907/category_list.csv,7,vn,category_list,289646907,101119957.0,2.0,,1.0,True,False
vn,289646907,37709566,CHOCOPIE,3,true,false,,mms@vn-11134204-7qukw-leolmrz7qoxfe2,1,2026-07-21,data/raw_extended/country_code=vn/dataset=category_list/shop_id=289646907/category_list.csv,8,vn,category_list,289646907,37709566.0,3.0,,1.0,True,False
vn,289646907,245342872,KẸO NGON NGỌT CHO BẠN PHÚT THƯ GIÃN,1,true,false,,vn-11134207-7ra0g-m8lio5uru8w2c5,1,2026-07-21,data/raw_extended/country_code=vn/dataset=category_list/shop_id=289646907/category_list.csv,9,vn,category_list,289646907,245342872.0,1.0,,1.0,True,False
vn,289646907,146098884,BÁNH GẠO AN - BÁNH GẠO CHO CẢ GIA ĐÌNH,8,true,false,,vn-11134207-7ras8-mdju762gbzfz90,1,2026-07-21,data/raw_extended/country_code=vn/dataset=category_list/shop_id=289646907/category_list.csv,10,vn,category_list,289646907,146098884.0,8.0,,1.0,True,False
vn,289646907,245555702,Sản Phẩm Bán Chạy,16,true,false,,mms@vn-11134204-7ras8-m2buu7oyeh82b4,1,2026-07-21,data/raw_extended/country_code=vn/dataset=category_list/shop_id=289646907/category_list.csv,11,vn,category_list,289646907,245555702.0,16.0,,1.0,True,False
vn,289646907,260400193,Marine Boy In TÊN,3,true,false,,vn-11134207-81ztc-mq5p260t43kd9a,1,2026-07-21,data/raw_extended/country_code=vn/dataset=category_list/shop_id=289646907/category_list.csv,12,vn,category_list,289646907,260400193.0,3.0,,1.0,True,False
vn,289646907,262847150,Dòng sản phẩm Giảm 50% Đường,2,true,false,,vn-11134207-820l4-mfkj6xf0nojy54,1,2026-07-21,data/raw_extended/country_code=vn/dataset=category_list/shop_id=289646907/category_list.csv,13,vn,category_list,289646907,262847150.0,2.0,,1.0,True,False
vn,289646907,254246036,Sản phẩm độc quyền ONLINE,7,true,false,,vn-11134207-7ras8-mal4qiurse6v48,1,2026-07-21,data/raw_extended/country_code=vn/dataset=category_list/shop_id=289646907/category_list.csv,14,vn,category_list,289646907,254246036.0,7.0,,1.0,True,False
vn,430972539,245604651,Kẹo ngậm,2,true,false,,mms@vn-11134204-7ra0g-m9lf7mkq3tp6d8,1,2026-07-21,data/raw_extended/country_code=vn/dataset=category_list/shop_id=430972539/category_list.csv,2,vn,category_list,430972539,245604651.0,2.0,,1.0,True,False
vn,430972539,244780274,Kẹo mút,3,true,false,,mms@vn-11134204-7ra0g-m9lf7mkq10kab0,1,2026-07-21,data/raw_extended/country_code=vn/dataset=category_list/shop_id=430972539/category_list.csv,3,vn,category_list,430972539,244780274.0,3.0,,1.0,True,False
vn,430972539,122605671,Kẹo cứng,3,true,false,,mms@vn-11134204-7ra0g-m9lf7mkpzlzu60,1,2026-07-21,data/raw_extended/country_code=vn/dataset=category_list/shop_id=430972539/category_list.csv,4,vn,category_list,430972539,122605671.0,3.0,,1.0,True,False
vn,430972539,122605646,Kẹo dẻo,5,true,false,,mms@vn-11134204-7ra0g-m9lf7mkpy7fef7,1,2026-07-21,data/raw_extended/country_code=vn/dataset=category_list/shop_id=430972539/category_list.csv,5,vn,category_list,430972539,122605646.0,5.0,,1.0,True,False
vn,438905996,258004532,Pepie – Bánh mềm phủ socola,4,true,false,,vn-11134207-81ztc-mqoh8rd4ssnf48,1,2026-07-21,data/raw_extended/country_code=vn/dataset=category_list/shop_id=438905996/category_list.csv,2,vn,category_list,438905996,258004532.0,4.0,,1.0,True,False
vn,438905996,243520852,Bánh kẹo sỉ,13,true,false,,mms@vn-11134204-7qukw-lgn2gn1xjwmr92,1,2026-07-21,data/raw_extended/country_code=vn/dataset=category_list/shop_id=438905996/category_list.csv,3,vn,category_list,438905996,243520852.0,13.0,,1.0,True,False
vn,438905996,155133913,Yến mạch – Healthy mỗi ngày,16,true,false,,mms@vn-11134204-7qukw-lgn2gn1xfoxf48,1,2026-07-21,data/raw_extended/country_code=vn/dataset=category_list/shop_id=438905996/category_list.csv,4,vn,category_list,438905996,155133913.0,16.0,,1.0,True,False
vn,438905996,248774243,Kenju- Ngon có gu,22,true,false,,mms@vn-11134204-7r98o-lp9d8ep1aixa64,1,2026-07-21,data/raw_extended/country_code=vn/dataset=category_list/shop_id=438905996/category_list.csv,5,vn,category_list,438905996,248774243.0,22.0,,1.0,True,False
vn,438905996,155134021,Fe’sta – Bánh tươi ăn vặt,7,true,false,,mms@vn-11134204-7r98o-lx7rwtuczq3d61,1,2026-07-21,data/raw_extended/country_code=vn/dataset=category_list/shop_id=438905996/category_list.csv,6,vn,category_list,438905996,155134021.0,7.0,,1.0,True,False
vn,438905996,248421348,"Jinju – Bánh gạo giòn, ngon",7,true,false,,mms@vn-11134204-81ztc-mnfh1uy97ocjcb,1,2026-07-21,data/raw_extended/country_code=vn/dataset=category_list/shop_id=438905996/category_list.csv,7,vn,category_list,438905996,248421348.0,7.0,,1.0,True,False
vn,438905996,259602442,Karo – Bánh tươi năng lượng,28,true,false,,vn-11134207-81ztc-mqpnp1cadn2bce,1,2026-07-21,data/raw_extended/country_code=vn/dataset=category_list/shop_id=438905996/category_list.csv,8,vn,category_list,438905996,259602442.0,28.0,,1.0,True,False
vn,438905996,261231598,Box độc quyền,2,true,false,,vn-11134207-81ztc-mqqxyshnhgcief,1,2026-07-21,data/raw_extended/country_code=vn/dataset=category_list/shop_id=438905996/category_list.csv,9,vn,category_list,438905996,261231598.0,2.0,,1.0,True,False
vn,438905996,261231578,🔥 Bán chạy nhất,21,true,false,,vn-11134207-81ztc-mqvnxckos83l74,1,2026-07-21,data/raw_extended/country_code=vn/dataset=category_list/shop_id=438905996/category_list.csv,10,vn,category_list,438905996,261231578.0,21.0,,1.0,True,False
vn,438905996,259073235,🔥MUA 1 TẶNG 1,15,true,false,,vn-11134207-81ztc-mq5j75jvwopa98,1,2026-07-21,data/raw_extended/country_code=vn/dataset=category_list/shop_id=438905996/category_list.csv,11,vn,category_list,438905996,259073235.0,15.0,,1.0,True,False
vn,438905996,158671238,🔥 Combo mix vị siêu lời,12,true,false,,mms@vn-11134204-7qukw-lgn2gn1xh3hvc4,1,2026-07-21,data/raw_extended/country_code=vn/dataset=category_list/shop_id=438905996/category_list.csv,12,vn,category_list,438905996,158671238.0,12.0,,1.0,True,False
vn,464391416,120018900,BST BÁNH NGON HẢI HÀ,4,true,false,,0afe055b6993eef7d7cb80501f6a5975,1,2026-07-21,data/raw_extended/country_code=vn/dataset=category_list/shop_id=464391416/category_list.csv,2,vn,category_list,464391416,120018900.0,4.0,,1.0,True,False
vn,464391416,120019180,BST KẸO HẢI HÀ,2,true,false,,83306907dae056d1c90b6762e23fa0bc,1,2026-07-21,data/raw_extended/country_code=vn/dataset=category_list/shop_id=464391416/category_list.csv,3,vn,category_list,464391416,120019180.0,2.0,,1.0,True,False
vn,464391416,156468593,CHIP CHIP,3,true,false,,0dcdfc3d6b2161c770186ca295d2fff9,1,2026-07-21,data/raw_extended/country_code=vn/dataset=category_list/shop_id=464391416/category_list.csv,4,vn,category_list,464391416,156468593.0,3.0,,1.0,True,False
