shop_id,shop_name,username,rating_star,follower_count,item_count,is_official_shop,response_rate,response_time,rating_good,rating_normal,rating_bad,cancellation_rate,created_at,vacation,country_code,date,source_file,source_row,path_country_code,path_dataset,path_shop_id,rating_star_num,follower_count_num,item_count_num,response_rate_num,response_time_num,rating_good_num,rating_normal_num,rating_bad_num,cancellation_rate_num,is_official_shop_bool,vacation_bool
1112776376,Scora Official Store,scoraofficial,4.868182,1130746,97,True,60,8410,2004850,29573,4239,0,2023-11-08T07:33:05+00:00,False,id,2026-07-03,data/raw/country_code=id/dataset=shop_info/shop_id=1112776376/shop_info.csv,2,id,shop_info,1112776376,4.868182,1130746.0,97.0,60.0,8410.0,2004850.0,29573.0,4239.0,0.0,True,False
1368540320,Cyeecare Official Store,cyeecare.id,4.824111,148642,75,True,100,99,297631,8673,1481,0,2024-09-27T06:06:35+00:00,False,id,2026-07-03,data/raw/country_code=id/dataset=shop_info/shop_id=1368540320/shop_info.csv,2,id,shop_info,1368540320,4.824111,148642.0,75.0,100.0,99.0,297631.0,8673.0,1481.0,0.0,True,False
1379527329,ZOICY Official Store,zoicy,4.932727,2930,19,True,100,87,4948,32,2,0,2024-10-11T07:19:30+00:00,False,id,2026-07-03,data/raw/country_code=id/dataset=shop_info/shop_id=1379527329/shop_info.csv,2,id,shop_info,1379527329,4.932727,2930.0,19.0,100.0,87.0,4948.0,32.0,2.0,0.0,True,False
187405886,Alara Cosmetic Official Store,alaracosmetic.official,4.787985,6763,7,True,39,6525,4839,140,30,29,2019-10-11T02:08:13+00:00,False,id,2026-07-03,data/raw/country_code=id/dataset=shop_info/shop_id=187405886/shop_info.csv,2,id,shop_info,187405886,4.787985,6763.0,7.0,39.0,6525.0,4839.0,140.0,30.0,29.0,True,False
200048291,Prettywell Official Shop,prettywell.co,4.894138,114212,38,True,98,5714,75002,785,78,0,2019-11-15T14:45:53+00:00,False,id,2026-07-03,data/raw/country_code=id/dataset=shop_info/shop_id=200048291/shop_info.csv,2,id,shop_info,200048291,4.894138,114212.0,38.0,98.0,5714.0,75002.0,785.0,78.0,0.0,True,False
430940247,Mooi Pure Glow Official Shop,mooiglowserum,4.798412,60238,53,True,100,149,59170,1991,364,0,2021-04-26T06:12:46+00:00,False,id,2026-07-03,data/raw/country_code=id/dataset=shop_info/shop_id=430940247/shop_info.csv,2,id,shop_info,430940247,4.798412,60238.0,53.0,100.0,149.0,59170.0,1991.0,364.0,0.0,True,False
697604885,ghaniskin,ghaniskin,4.863366,44783,3,False,90,7397,37973,635,116,0,2022-02-24T05:32:19+00:00,False,id,2026-07-03,data/raw/country_code=id/dataset=shop_info/shop_id=697604885/shop_info.csv,2,id,shop_info,697604885,4.863366,44783.0,3.0,90.0,7397.0,37973.0,635.0,116.0,0.0,False,False
779266191,lavojoy Official Shop,lavojoy,4.886074,837182,40,True,100,3,732244,10381,1982,0,2022-05-25T01:34:30+00:00,False,id,2026-07-03,data/raw/country_code=id/dataset=shop_info/shop_id=779266191/shop_info.csv,2,id,shop_info,779266191,4.886074,837182.0,40.0,100.0,3.0,732244.0,10381.0,1982.0,0.0,True,False
809769142,Glad2Glow Official Store,glad2glow.indo,4.879652,5569809,225,True,100,31,8186740,94888,19864,0,2022-07-04T10:29:56+00:00,False,id,2026-07-03,data/raw/country_code=id/dataset=shop_info/shop_id=809769142/shop_info.csv,2,id,shop_info,809769142,4.879652,5569809.0,225.0,100.0,31.0,8186740.0,94888.0,19864.0,0.0,True,False
859233628,He-Ji Official Store,hejiofficial,4.807281,10933,10,True,100,5076,19853,593,134,0,2022-09-08T03:09:36+00:00,False,id,2026-07-03,data/raw/country_code=id/dataset=shop_info/shop_id=859233628/shop_info.csv,2,id,shop_info,859233628,4.807281,10933.0,10.0,100.0,5076.0,19853.0,593.0,134.0,0.0,True,False
108166524,Nestlé Chính hãng,nestlevnn,4.923517,476759,1753,True,100,947,821759,8814,6621,0,2018-11-27T10:26:31+00:00,False,vn,2026-07-03,data/raw/country_code=vn/dataset=shop_info/shop_id=108166524/shop_info.csv,2,vn,shop_info,108166524,4.923517,476759.0,1753.0,100.0,947.0,821759.0,8814.0,6621.0,0.0,True,False
1145316676,Nestlé Health Science,nestlehealthscience,4.874526,11637,119,True,100,65,15891,302,213,1,2023-12-18T07:13:25+00:00,False,vn,2026-07-03,data/raw/country_code=vn/dataset=shop_info/shop_id=1145316676/shop_info.csv,2,vn,shop_info,1145316676,4.874526,11637.0,119.0,100.0,65.0,15891.0,302.0,213.0,1.0,True,False
140360136,Kinh Do Official Store,kinhdo_official_store,4.871107,548137,172,True,100,54,251786,4783,3617,29,2019-04-16T07:16:51+00:00,False,vn,2026-07-03,data/raw/country_code=vn/dataset=shop_info/shop_id=140360136/shop_info.csv,2,vn,shop_info,140360136,4.871107,548137.0,172.0,100.0,54.0,251786.0,4783.0,3617.0,29.0,True,False
1546895026,Mars Snacking VN,mars.wrigley.vn,4.937186,14986,97,True,100,257,27368,202,138,0,2025-05-21T07:02:06+00:00,False,vn,2026-07-03,data/raw/country_code=vn/dataset=shop_info/shop_id=1546895026/shop_info.csv,2,vn,shop_info,1546895026,4.937186,14986.0,97.0,100.0,257.0,27368.0,202.0,138.0,0.0,True,False
173513432,Richy - Chi Nhánh Miền Bắc,richystore.mb,4.921164,96105,325,False,98,10445,113035,1351,788,0,2019-08-27T10:13:18+00:00,False,vn,2026-07-03,data/raw/country_code=vn/dataset=shop_info/shop_id=173513432/shop_info.csv,2,vn,shop_info,173513432,4.921164,96105.0,325.0,98.0,10445.0,113035.0,1351.0,788.0,0.0,False,False
213989179,Bibica Official Store,bibica_corporation,4.897342,84664,98,True,98,6994,46422,746,439,0,2019-12-26T02:53:09+00:00,False,vn,2026-07-03,data/raw/country_code=vn/dataset=shop_info/shop_id=213989179/shop_info.csv,2,vn,shop_info,213989179,4.897342,84664.0,98.0,98.0,6994.0,46422.0,746.0,439.0,0.0,True,False
289646907,Orion VN Official Store,orion_official_store,4.911955,87482,238,True,95,8097,72397,861,641,0,2020-07-27T06:50:37+00:00,False,vn,2026-07-03,data/raw/country_code=vn/dataset=shop_info/shop_id=289646907/shop_info.csv,2,vn,shop_info,289646907,4.911955,87482.0,238.0,95.0,8097.0,72397.0,861.0,641.0,0.0,True,False
430972539,Perfetti Van Melle Vietnam,perfetti_officialstore,4.931921,255284,23,True,100,55,49047,521,279,0,2021-04-26T07:22:24+00:00,False,vn,2026-07-03,data/raw/country_code=vn/dataset=shop_info/shop_id=430972539/shop_info.csv,2,vn,shop_info,430972539,4.931921,255284.0,23.0,100.0,55.0,49047.0,521.0,279.0,0.0,True,False
438905996,Richy - Chi nhánh Miền Nam,richystore.mn,4.928552,41472,298,False,99,6160,60250,619,360,0,2021-05-07T03:03:10+00:00,False,vn,2026-07-03,data/raw/country_code=vn/dataset=shop_info/shop_id=438905996/shop_info.csv,2,vn,shop_info,438905996,4.928552,41472.0,298.0,99.0,6160.0,60250.0,619.0,360.0,0.0,False,False
464391416,Bánh Kẹo Hải Hà - Chính hãng,haihaco_hcm,4.947162,10920,32,False,,,2337,22,16,0,2021-06-11T03:46:25+00:00,False,vn,2026-07-03,data/raw/country_code=vn/dataset=shop_info/shop_id=464391416/shop_info.csv,2,vn,shop_info,464391416,4.947162,10920.0,32.0,,,2337.0,22.0,16.0,0.0,False,False
